label,bucket_high_ns,count
proc,0,2
proc,100,200341
proc,201,1272876
proc,303,3561822
proc,403,1339043
proc,503,569387
proc,607,453148
proc,703,375745
proc,807,351401
proc,903,263713
proc,1007,187949
proc,1103,131297
proc,1215,88672
proc,1311,59047
proc,1407,40051
proc,1503,25989
proc,1615,17157
proc,1711,12159
proc,1807,8455
proc,1903,6019
proc,2015,4379
proc,2111,3411
proc,2207,2620
proc,2303,2155
proc,2431,1781
proc,2527,1500
proc,2623,1271
proc,2719,1147
proc,2815,963
proc,2911,863
proc,3007,728
proc,3103,638
proc,3231,539
proc,3327,515
proc,3423,483
proc,3519,442
proc,3615,452
proc,3711,429
proc,3807,436
proc,3903,468
proc,4031,430
proc,4159,480
proc,4223,432
proc,4351,395
proc,4415,375
proc,4543,357
proc,4607,304
proc,4735,249
proc,4863,240
proc,4927,205
proc,5055,197
proc,5119,183
proc,5247,151
proc,5311,151
proc,5439,146
proc,5503,133
proc,5631,117
proc,5759,104
proc,5823,112
proc,5951,96
proc,6015,100
proc,6143,97
proc,6207,72
proc,6335,80
proc,6463,86
proc,6527,57
proc,6655,54
proc,6719,58
proc,6847,69
proc,6911,59
proc,7039,66
proc,7103,66
proc,7231,46
proc,7359,58
proc,7423,56
proc,7551,50
proc,7615,62
proc,7743,49
proc,7807,51
proc,7935,44
proc,8063,33
proc,8127,40
proc,8319,90
proc,8447,43
proc,8575,62
proc,8703,85
proc,8831,38
proc,8959,42
proc,9087,46
proc,9215,77
proc,9343,35
proc,9471,29
proc,9599,24
proc,9727,49
proc,9855,33
proc,9983,22
proc,10111,49
proc,10239,21
proc,10367,36
proc,10495,27
proc,10623,64
proc,10751,34
proc,10879,27
proc,11007,56
proc,11135,28
proc,11263,27
proc,11391,37
proc,11519,73
proc,11647,33
proc,11775,49
proc,11903,139
proc,12031,69
proc,12159,56
proc,12287,40
proc,12415,90
proc,12543,31
proc,12671,22
proc,12799,19
proc,12927,60
proc,13055,26
proc,13183,19
proc,13311,51
proc,13439,50
proc,13567,47
proc,13695,55
proc,13823,100
proc,13951,29
proc,14079,32
proc,14207,52
proc,14335,27
proc,14463,21
proc,14591,19
proc,14719,38
proc,14847,12
proc,14975,22
proc,15103,33
proc,15231,12
proc,15359,11
proc,15487,14
proc,15615,18
proc,15743,7
proc,15871,10
proc,15999,7
proc,16127,22
proc,16255,15
proc,16383,8
proc,16639,34
proc,16895,16
proc,17151,35
proc,17407,23
proc,17663,18
proc,17919,29
proc,18175,21
proc,18431,30
proc,18687,23
proc,18943,21
proc,19199,16
proc,19455,28
proc,19711,20
proc,19967,11
proc,20223,26
proc,20479,14
proc,20735,27
proc,20991,8
proc,21247,18
proc,21503,15
proc,21759,10
proc,22015,13
proc,22271,6
proc,22527,11
proc,22783,10
proc,23039,29
proc,23295,12
proc,23551,16
proc,23807,15
proc,24063,10
proc,24319,11
proc,24575,10
proc,24831,10
proc,25087,6
proc,25343,6
proc,25599,11
proc,25855,8
proc,26111,9
proc,26367,4
proc,26623,15
proc,26879,5
proc,27135,8
proc,27391,4
proc,27647,11
proc,27903,12
proc,28159,2
proc,28415,12
proc,28671,4
proc,28927,10
proc,29183,8
proc,29439,9
proc,29695,6
proc,29951,7
proc,30207,10
proc,30463,7
proc,30719,8
proc,30975,6
proc,31231,5
proc,31487,6
proc,31743,5
proc,31999,2
proc,32255,11
proc,32511,13
proc,32767,6
proc,33279,15
proc,33791,15
proc,34303,19
proc,34815,10
proc,35327,11
proc,35839,13
proc,36351,17
proc,36863,13
proc,37375,5
proc,37887,9
proc,38399,11
proc,38911,6
proc,39423,6
proc,39935,9
proc,40447,7
proc,40959,8
proc,41471,10
proc,41983,6
proc,42495,9
proc,43007,4
proc,43519,10
proc,44031,6
proc,44543,5
proc,45055,11
proc,45567,13
proc,46079,7
proc,46591,2
proc,47103,3
proc,47615,5
proc,48127,5
proc,48639,11
proc,49151,11
proc,49663,9
proc,50175,2
proc,50687,2
proc,51199,6
proc,51711,2
proc,52223,4
proc,52735,6
proc,53247,2
proc,53759,7
proc,54271,4
proc,54783,6
proc,55295,3
proc,55807,13
proc,56319,6
proc,56831,5
proc,57343,4
proc,57855,4
proc,58367,2
proc,58879,3
proc,59391,1
proc,59903,3
proc,60415,2
proc,60927,6
proc,61439,5
proc,61951,10
proc,62463,7
proc,62975,5
proc,63487,8
proc,63999,6
proc,64511,10
proc,65023,5
proc,65535,6
proc,66559,10
proc,67583,8
proc,68607,8
proc,69631,6
proc,70655,10
proc,71679,6
proc,72703,4
proc,73727,8
proc,74751,5
proc,75775,4
proc,76799,5
proc,77823,2
proc,78847,2
proc,79871,5
proc,80895,1
proc,81919,4
proc,82943,2
proc,83967,5
proc,84991,3
proc,86015,3
proc,87039,5
proc,88063,4
proc,89087,4
proc,90111,8
proc,91135,3
proc,92159,1
proc,93183,5
proc,94207,4
proc,95231,1
proc,96255,2
proc,97279,2
proc,99327,1
proc,101375,2
proc,102399,5
proc,103423,3
proc,104447,4
proc,105471,1
proc,106495,5
proc,107519,3
proc,108543,3
proc,109567,2
proc,111615,2
proc,112639,1
proc,113663,3
proc,114687,3
proc,115711,2
proc,116735,4
proc,117759,2
proc,119807,4
proc,121855,3
proc,122879,1
proc,124927,3
proc,127999,4
proc,129023,3
proc,130047,2
proc,131071,2
proc,133119,5
proc,135167,2
proc,137215,1
proc,139263,6
proc,141311,4
proc,143359,3
proc,145407,3
proc,147455,5
proc,149503,5
proc,151551,6
proc,153599,2
proc,155647,4
proc,157695,3
proc,159743,4
proc,161791,2
proc,165887,4
proc,167935,3
proc,172031,3
proc,174079,5
proc,176127,2
proc,178175,2
proc,180223,2
proc,182271,3
proc,184319,3
proc,186367,1
proc,188415,1
proc,190463,1
proc,192511,2
proc,194559,2
proc,196607,6
proc,198655,2
proc,200703,6
proc,202751,5
proc,204799,6
proc,206847,4
proc,208895,2
proc,210943,4
proc,212991,3
proc,215039,5
proc,217087,3
proc,219135,6
proc,221183,3
proc,223231,3
proc,225279,4
proc,227327,2
proc,229375,2
proc,231423,1
proc,233471,2
proc,237567,3
proc,241663,2
proc,243711,1
proc,245759,2
proc,251903,4
proc,253951,2
proc,255999,1
proc,258047,1
proc,260095,1
proc,262143,2
proc,266239,4
proc,270335,3
proc,278527,1
proc,282623,1
proc,286719,3
proc,290815,1
proc,299007,2
proc,303103,1
proc,307199,2
proc,311295,1
proc,315391,4
proc,319487,1
proc,323583,2
proc,327679,1
proc,331775,2
proc,335871,4
proc,339967,3
proc,344063,3
proc,348159,3
proc,352255,3
proc,356351,2
proc,364543,5
proc,368639,2
proc,372735,1
proc,376831,1
proc,380927,1
proc,385023,1
proc,389119,1
proc,393215,1
proc,405503,1
proc,409599,2
proc,417791,1
proc,430079,1
proc,434175,2
proc,462847,1
proc,466943,1
proc,495615,1
proc,499711,1
proc,507903,2
proc,516095,2
proc,532479,1
proc,548863,1
proc,557055,2
proc,565247,1
proc,598015,1
proc,614399,1
proc,630783,1
proc,638975,1
proc,647167,3
proc,655359,1
proc,704511,2
proc,745471,1
proc,753663,1
proc,761855,1
proc,770047,1
proc,786431,1
proc,802815,1
proc,811007,1
proc,835583,1
proc,851967,1
proc,933887,1
proc,966655,1
proc,1064959,1
proc,1196031,1
proc,1474559,1
proc,2621439,1
label,bucket_high_ns,count
e2e,31457279,8246
e2e,31719423,31472
e2e,31981567,37897
e2e,32243711,77948
e2e,32505855,73200
e2e,32767999,143203
e2e,33030143,153580
e2e,33292287,171034
e2e,33554431,209840
e2e,34078719,485320
e2e,34603007,611440
e2e,35127295,600485
e2e,35651583,580982
e2e,36175871,349118
e2e,36700159,333187
e2e,37224447,277174
e2e,37748735,290879
e2e,38273023,352192
e2e,38797311,356688
e2e,39321599,439086
e2e,39845887,456897
e2e,40370175,392328
e2e,40894463,391226
e2e,41418751,350508
e2e,41943039,280484
e2e,42467327,215643
e2e,42991615,163780
e2e,43515903,146633
e2e,44040191,160523
e2e,44564479,138564
e2e,45088767,170054
e2e,45613055,93730
e2e,46137343,111896
e2e,46661631,79039
e2e,47185919,89805
e2e,47710207,52352
e2e,48234495,54432
e2e,48758783,40389
e2e,49283071,18431
e2e,49807359,10248
e2e,50331647,67
